{"stats":{"minecraft:killed_by":{"minecraft:player":1,"minecraft:skeleton":1,"minecraft:zombie":2,"minecraft:enderman":1},"minecraft:dropped":{"minecraft:iron_ingot":1,"minecraft:iron_sword":2,"mmorpg:stat_soul":2,"mmorpg:currency/jewel_corrupt":2,"minecraft:shield":1,"minecraft:golden_sword":1,"minecraft:iron_leggings":1,"mmorpg:jewelry/ring/iron":1},"minecraft:mined":{"biomesoplenty:wildflower":2,"biomesoplenty:hanging_cobweb_strand":1,"minecraft:torch":2,"biomesoplenty:bush":8,"minecraft:allium":1,"minecraft:melon":6,"biomesoplenty:mahogany_planks":2,"minecraft:tall_grass":2,"minecraft:large_fern":1,"biomesoplenty:mahogany_log":26,"minecraft:iron_ore":13,"minecraft:lilac":1,"minecraft:grass":17,"minecraft:coal_ore":4,"biomesoplenty:stringy_cobweb":1,"minecraft:stone":23,"minecraft:fern":7},"minecraft:killed":{"minecraft:creeper":3,"minecraft:skeleton":4,"minecraft:zombie":3,"minecraft:chicken":1,"alexsmobs:fly":1,"minecraft:enderman":2},"minecraft:crafted":{"biomesoplenty:mahogany_planks":112,"minecraft:iron_helmet":1,"minecraft:furnace":1,"minecraft:air":0,"minecraft:iron_boots":1,"minecraft:iron_chestplate":1,"minecraft:iron_axe":1,"tombstone:grave_key":1,"minecraft:stick":8,"minecraft:iron_ingot":26,"minecraft:iron_pickaxe":1,"minecraft:stone_pickaxe":1,"minecraft:torch":8},"minecraft:custom":{"minecraft:blood":0,"minecraft:interact_with_furnace":4,"minecraft:mob_kills":16,"minecraft:dexterity":5,"minecraft:intelligence":8,"minecraft:move_speed":0,"minecraft:interact_with_crafting_table":6,"minecraft:leave_game":7,"minecraft:time_since_death":416,"minecraft:mana":140,"minecraft:levels_gained":2,"minecraft:time_since_rest":1,"minecraft:magic_shield":0,"minecraft:sprint_one_cm":189524,"minecraft:damage_absorbed":84,"minecraft:damage_taken":5319,"minecraft:walk_one_cm":232278,"minecraft:drop":11,"minecraft:damage_dealt":2345,"minecraft:health":140,"minecraft:swim_one_cm":65794,"minecraft:fly_one_cm":253384,"minecraft:crouch_one_cm":5449,"minecraft:play_time":85806,"tombstone:undead_killed":7,"minecraft:deaths":8,"minecraft:sneak_time":1649,"minecraft:walk_under_water_one_cm":19432,"minecraft:jump":1426,"minecraft:energy":110,"minecraft:walk_on_water_one_cm":40882,"minecraft:strength":12,"minecraft:total_world_time":85806,"minecraft:fall_one_cm":49677},"minecraft:used":{"biomesoplenty:mahogany_planks":54,"minecraft:stone_pickaxe":42,"minecraft:iron_sword":154,"minecraft:torch":8,"minecraft:chicken":2,"minecraft:iron_axe":37,"tombstone:grave_key":1,"minecraft:golden_sword":37,"minecraft:furnace":1,"minecraft:porkchop":4,"tombstone:gift":2,"alexsmobs:animal_dictionary":3,"minecraft:egg":1,"minecraft:iron_leggings":1},"minecraft:broken":{"minecraft:golden_sword":1},"minecraft:picked_up":{"minecraft:feather":1,"minecraft:chicken":2,"mmorpg:skill_gems/aura/str":1,"mmorpg:jewelry/ring/iron":2,"minecraft:golden_sword":2,"minecraft:shield":3,"minecraft:gunpowder":3,"mmorpg:currency/jewel_corrupt":2,"minecraft:iron_leggings":2,"minecraft:bone":4,"minecraft:wheat_seeds":2,"mmorpg:gems/tourmaline/0":1,"minecraft:stone_pickaxe":1,"biomesoplenty:wildflower":3,"minecraft:melon_slice":20,"minecraft:iron_sword":6,"biomesoplenty:mahogany_planks":2,"minecraft:egg":1,"minecraft:stick":3,"minecraft:raw_iron":11,"minecraft:cooked_porkchop":1,"minecraft:big_dripleaf":1,"minecraft:torch":2,"mmorpg:stat_soul":2,"minecraft:porkchop":5,"mmorpg:jewelry/necklace/iron":1,"tombstone:grave_dust":4,"biomesoplenty:mahogany_log":27,"minecraft:arrow":4,"minecraft:rotten_flesh":2,"minecraft:coal":4,"minecraft:cobblestone":20}},"DataVersion":3465}